{
	"info": {
		"_postman_id": "d610b261-9bab-4e56-857b-316fc2a6e028",
		"name": "ProyectoFinal",
		"schema": "https://schema.getpostman.com/json/collection/v2.1.0/collection.json"
	},
	"item": [
		{
			"name": "Objeto",
			"item": [
				{
					"name": "Get Objeto",
					"request": {
						"method": "GET",
						"header": [],
						"url": {
							"raw": "http://localhost:3000/objeto?Categoria=&EnPrestamo=&Nombre=",
							"protocol": "http",
							"host": [
								"localhost"
							],
							"port": "3000",
							"path": [
								"objeto"
							],
							"query": [
								{
									"key": "",
									"value": null,
									"disabled": true
								},
								{
									"key": "Categoria",
									"value": ""
								},
								{
									"key": "EnPrestamo",
									"value": "",
									"description": "1 = true -- 0 = false"
								},
								{
									"key": "Nombre",
									"value": ""
								}
							]
						}
					},
					"response": []
				},
				{
					"name": "Get ObjetoById",
					"request": {
						"method": "GET",
						"header": [],
						"url": {
							"raw": "http://localhost:3000/objeto/1",
							"protocol": "http",
							"host": [
								"localhost"
							],
							"port": "3000",
							"path": [
								"objeto",
								"1"
							]
						}
					},
					"response": []
				}
			]
		},
		{
			"name": "Categoria",
			"item": [
				{
					"name": "Get Categoria",
					"request": {
						"method": "GET",
						"header": [],
						"url": {
							"raw": "http://localhost:3000/categoria",
							"protocol": "http",
							"host": [
								"localhost"
							],
							"port": "3000",
							"path": [
								"categoria"
							]
						}
					},
					"response": []
				}
			]
		},
		{
			"name": "Prestamo",
			"item": [
				{
					"name": "Get Prestamo",
					"request": {
						"method": "GET",
						"header": [],
						"url": {
							"raw": "http://localhost:3000/prestamo?dni&estado",
							"protocol": "http",
							"host": [
								"localhost"
							],
							"port": "3000",
							"path": [
								"prestamo"
							],
							"query": [
								{
									"key": "dni",
									"value": null
								},
								{
									"key": "estado",
									"value": null
								},
								{
									"key": "",
									"value": "",
									"disabled": true
								}
							]
						}
					},
					"response": []
				},
				{
					"name": "Update Prestamo",
					"request": {
						"method": "PUT",
						"header": [],
						"body": {
							"mode": "raw",
							"raw": "    {\r\n        \"FechaAceptado\": null,\r\n        \"FechaEntregado\": null,\r\n        \"FechaDevuelto\": null\r\n    }",
							"options": {
								"raw": {
									"language": "json"
								}
							}
						},
						"url": {
							"raw": "http://localhost:3000/prestamo/1",
							"protocol": "http",
							"host": [
								"localhost"
							],
							"port": "3000",
							"path": [
								"prestamo",
								"1"
							]
						}
					},
					"response": []
				},
				{
					"name": "New Request",
					"request": {
						"method": "GET",
						"header": [],
						"url": {
							"raw": ""
						}
					},
					"response": []
				},
				{
					"name": "Add prestamo",
					"request": {
						"method": "POST",
						"header": [],
						"body": {
							"mode": "raw",
							"raw": "{\r\n        \"FK_Objeto\": 2,\r\n        \"FK_Usuario\": 1,\r\n        \"FK_Admin\": 1\r\n    }",
							"options": {
								"raw": {
									"language": "json"
								}
							}
						},
						"url": {
							"raw": "http://localhost:3000/prestamo",
							"protocol": "http",
							"host": [
								"localhost"
							],
							"port": "3000",
							"path": [
								"prestamo"
							]
						}
					},
					"response": []
				}
			]
		},
		{
			"name": "User",
			"item": [
				{
					"name": "Get Token",
					"protocolProfileBehavior": {
						"disableBodyPruning": true
					},
					"request": {
						"method": "GET",
						"header": [],
						"body": {
							"mode": "raw",
							"raw": "{\r\n    \"usuario\" : 4654654,\r\n    \"clave\" : \"hola\"\r\n}",
							"options": {
								"raw": {
									"language": "json"
								}
							}
						},
						"url": {
							"raw": "http://localhost:3000/auth/login",
							"protocol": "http",
							"host": [
								"localhost"
							],
							"port": "3000",
							"path": [
								"auth",
								"login"
							]
						}
					},
					"response": []
				}
			]
		},
		{
			"name": "Reportes",
			"item": [
				{
					"name": "Laboratorio",
					"item": [
						{
							"name": "Get Labo",
							"protocolProfileBehavior": {
								"disableBodyPruning": true
							},
							"request": {
								"method": "GET",
								"header": [],
								"body": {
									"mode": "raw",
									"raw": "",
									"options": {
										"raw": {
											"language": "json"
										}
									}
								},
								"url": {
									"raw": "http://localhost:3000/labo/",
									"protocol": "http",
									"host": [
										"localhost"
									],
									"port": "3000",
									"path": [
										"labo",
										""
									]
								}
							},
							"response": []
						},
						{
							"name": "Post Labo",
							"request": {
								"method": "POST",
								"header": [],
								"body": {
									"mode": "raw",
									"raw": "{\r\n    \"Nombre\": \"OTI\"\r\n}",
									"options": {
										"raw": {
											"language": "json"
										}
									}
								},
								"url": {
									"raw": "http://localhost:3000/labo/",
									"protocol": "http",
									"host": [
										"localhost"
									],
									"port": "3000",
									"path": [
										"labo",
										""
									]
								}
							},
							"response": []
						},
						{
							"name": "Get LaboById",
							"request": {
								"method": "GET",
								"header": [],
								"url": {
									"raw": "http://localhost:3000/labo/1",
									"protocol": "http",
									"host": [
										"localhost"
									],
									"port": "3000",
									"path": [
										"labo",
										"1"
									]
								}
							},
							"response": []
						}
					]
				},
				{
					"name": "Computadora",
					"item": [
						{
							"name": "Get Compu",
							"request": {
								"method": "GET",
								"header": [],
								"url": {
									"raw": "http://localhost:3000/compu/?funciona=",
									"protocol": "http",
									"host": [
										"localhost"
									],
									"port": "3000",
									"path": [
										"compu",
										""
									],
									"query": [
										{
											"key": "funciona",
											"value": "",
											"description": "0 =False || 1=True"
										}
									]
								}
							},
							"response": []
						},
						{
							"name": "Get CompuById",
							"request": {
								"method": "GET",
								"header": [],
								"url": {
									"raw": "http://localhost:3000/compu/1",
									"protocol": "http",
									"host": [
										"localhost"
									],
									"port": "3000",
									"path": [
										"compu",
										"1"
									]
								}
							},
							"response": []
						},
						{
							"name": "Update Compu",
							"request": {
								"method": "PUT",
								"header": [],
								"body": {
									"mode": "raw",
									"raw": "{\r\n\r\n        \"Fila\": 2,\r\n        \"Columna\": 3,\r\n        \"Lado\": true,\r\n        \"Funciona\": false\r\n}",
									"options": {
										"raw": {
											"language": "json"
										}
									}
								},
								"url": {
									"raw": "http://localhost:3000/compu/1",
									"protocol": "http",
									"host": [
										"localhost"
									],
									"port": "3000",
									"path": [
										"compu",
										"1"
									]
								}
							},
							"response": []
						},
						{
							"name": "Post Compu",
							"request": {
								"method": "POST",
								"header": [],
								"body": {
									"mode": "raw",
									"raw": "{\r\n    \"Fila\": 4,\r\n    \"Columna\": 3,\r\n    \"Lado\": true\r\n}",
									"options": {
										"raw": {
											"language": "json"
										}
									}
								},
								"url": {
									"raw": "http://localhost:3000/compu/",
									"protocol": "http",
									"host": [
										"localhost"
									],
									"port": "3000",
									"path": [
										"compu",
										""
									]
								}
							},
							"response": []
						}
					]
				},
				{
					"name": "Reporte",
					"item": [
						{
							"name": "Get Reporte",
							"request": {
								"method": "GET",
								"header": [],
								"url": {
									"raw": "http://localhost:3000/reporte?objetoFallo=&estado=&compu=2",
									"protocol": "http",
									"host": [
										"localhost"
									],
									"port": "3000",
									"path": [
										"reporte"
									],
									"query": [
										{
											"key": "objetoFallo",
											"value": ""
										},
										{
											"key": "estado",
											"value": ""
										},
										{
											"key": "compu",
											"value": "2"
										}
									]
								}
							},
							"response": []
						},
						{
							"name": "Get ReporteById",
							"request": {
								"method": "GET",
								"header": [],
								"url": {
									"raw": "http://localhost:3000/reporte/1",
									"protocol": "http",
									"host": [
										"localhost"
									],
									"port": "3000",
									"path": [
										"reporte",
										"1"
									]
								}
							},
							"response": []
						},
						{
							"name": "Update Reporte",
							"request": {
								"method": "PUT",
								"header": [],
								"body": {
									"mode": "raw",
									"raw": "{\r\n    \"FechaTerminado\":\"2023-10-24T00:00:00.000Z\"\r\n}",
									"options": {
										"raw": {
											"language": "json"
										}
									}
								},
								"url": {
									"raw": "http://localhost:3000/reporte/5",
									"protocol": "http",
									"host": [
										"localhost"
									],
									"port": "3000",
									"path": [
										"reporte",
										"5"
									]
								}
							},
							"response": []
						},
						{
							"name": "Post Reporte",
							"request": {
								"method": "POST",
								"header": [],
								"body": {
									"mode": "raw",
									"raw": "{\r\n    \"FK_Computadora\": 2,\r\n    \"FK_Usuario\": 3,\r\n    \"ObjetoFallo\" : \"mouse\",\r\n    \"Descripcion\" : \"No prende\"\r\n}",
									"options": {
										"raw": {
											"language": "json"
										}
									}
								},
								"url": {
									"raw": "http://localhost:3000/reporte",
									"protocol": "http",
									"host": [
										"localhost"
									],
									"port": "3000",
									"path": [
										"reporte"
									]
								}
							},
							"response": []
						}
					]
				}
			]
		}
	],
	"auth": {
		"type": "bearer",
		"bearer": [
			{
				"key": "token",
				"value": "eyJhbGciOiJIUzI1NiIsInR5cCI6IkpXVCJ9.eyJyb2wiOnRydWUsInVzZXJJZCI6MSwiaWF0IjoxNjk4MDU5NjYxfQ.34z8H8ltbkLNFmVwPLoKiZmmCXKvR2D1wWvtIghTy24",
				"type": "string"
			}
		]
	},
	"event": [
		{
			"listen": "prerequest",
			"script": {
				"type": "text/javascript",
				"exec": [
					""
				]
			}
		},
		{
			"listen": "test",
			"script": {
				"type": "text/javascript",
				"exec": [
					""
				]
			}
		}
	]
}